"n_drop","mean_drop_location","sd_drop_location","median_drop_location","q25","q75"
89,0.512517248176621,0.121282357221619,0.521303258145363,0.421052631578947,0.581453634085213
