"n_drop","mean_drop_location","sd_drop_location","median_drop_location","q25","q75"
67,0.595139878496962,0.186501296062827,0.577889447236181,0.477386934673367,0.703517587939699
